Date,No of Lots,VIX,Max Debit,Profit,Exit,NAV,nf nav,Open,High,Low,Close,Volume,Nifty_pct,Nifty_HOL
01/01/20,10,11.5,40500,5050,3:25:00,705050,30050,12202.15,12222.2,12165.3,12182.5,0,,700000
02/01/20,10,11.5,48000,-4150,2:30:00,700900,25900,12198.55,12289.9,12195.25,12282.2,0,0.00818387,705728.7092
03/01/20,10,12.6,26825,3590,3:25:00,704490,29490,12261.1,12265.6,12191.35,12226.65,0,-0.004522805,702536.8356
08/01/20,10,15.6,36000,6200,10:35:00,710690,35690,11939.1,12044.95,11929.6,12025.35,0,-0.016464036,690970.2442
09/01/20,10,14.1,50300,-2587,2:30:00,708103,33103,12153.15,12224.05,12132.55,12215.9,0,0.015845693,701919.1463
10/01/20,10,14.1,15950,-2600,9:35:00,705503,30503,12271,12311.2,12213.2,12256.8,0,0.003348096,704269.2387
15/01/20,10,14.2,26500,4610,2:30:00,710113,35113,12349.4,12355.15,12278.75,12343.3,0,0.007057307,709239.4829
16/01/20,10,16.15,33800,5300,10:35:00,715413,40413,12347.1,12389.05,12315.8,12355.5,0,0.00098839,709940.4884
16/01/20,10,16.15,33800,5300,10:35:00,720713,45713,12347.1,12389.05,12315.8,12355.5,0,0,709940.4884
17/01/20,10,14.2,60500,2330,3:25:00,723043,48043,12328.4,12385.45,12321.4,12352.35,0,-0.000254947,709759.4911
22/01/20,10,15.77,80000,-14000,10:20:00,709043,34043,12218.35,12225.05,12087.9,12106.9,0,-0.019870713,695656.064
23/01/20,10,16.35,0,0,NT,709043,34043,12123.75,12189,12094.1,12180.35,0,0.006066788,699876.4621
24/01/20,10,15.8,58500,200,3:25:00,709243,34243,12174.55,12272.15,12149.65,12248.25,0,0.005574552,703777.9602
29/01/20,10,16.7,75150,4920,3:25:00,714163,39163,12114.9,12169.6,12103.8,12129.5,0,-0.009695263,696954.6481
30/01/20,10,16.6,88200,9200,12:45:00,723363,48363,12147.75,12150.3,12010.6,12035.8,0,-0.007724968,691570.6957
31/01/20,10,16.8,10500,-2510,9:40:00,720853,45853,12100.4,12103.55,11945.85,11962.1,0,-0.006123399,687335.9327
05/02/20,10,14.36,43500,7210,11:00:00,728063,53063,12005.85,12098.15,11953.35,12089.15,0,0.010621045,694636.1584
05/02/20,10,14.36,43500,7210,11:00:00,735273,60273,12005.85,12098.15,11953.35,12089.15,0,0,694636.1584
06/02/20,10,13.9,54000,9700,1:55:00,744973,69973,12120,12160.6,12084.65,12137.95,0,0.004036678,697440.1806
07/02/20,10,14.36,17300,3220,12:25:00,748193,73193,12151.15,12154.7,12073.95,12098.35,0,-0.003262495,695164.7856
12/02/20,10,13.5,31400,2200,3:25:00,750393,75393,12151,12231.75,12144.3,12201.2,0,0.008501159,701074.4921
13/02/20,10,13.4,0,0,NT,750393,75393,12219.55,12225.65,12139.8,12174.65,0,-0.002176015,699548.9432
14/02/20,10,13.5,49200,-8280,10:50:00,742113,67113,12190.15,12246.7,12091.2,12113.45,0,-0.005026839,696032.4236
19/02/20,10,13.9,70700,6820,3:25:00,748933,73933,12090.6,12134.7,12042.1,12125.9,0,0.001027783,696747.794
20/02/20,10,13.95,78900,12100,2:10:00,761033,86033,12119,12152,12071.45,12080.85,0,-0.003715188,694159.2448
26/02/20,10,17,72300,10600,1:25:00,771633,96633,11738.55,11783.25,11639.6,11678.5,0,-0.033304776,671040.4268
27/02/20,10,18,95000,7715,2:30:00,779348,104348,11661.25,11663.85,11536.7,11633.3,0,-0.00387036,668443.2588
28/02/20,10,13.9,23000,6420,9:30:00,785768,110768,11382,11384.8,11175.05,11201.75,0,-0.037096095,643646.6243
04/03/20,10,24.5,71900,11400,11:05:00,797168,122168,11351.35,11356.6,11082.15,11251,0,0.004396634,646476.5032
05/03/20,10,23.5,106000,-16900,11:05:00,780268,105268,11306.05,11389.5,11244.6,11269,0,0.001599858,647510.7737
06/03/20,10,24.5,39800,-8440,9:40:00,771828,96828,10942.65,11035.1,10827.4,10989.45,0,-0.024806993,631447.9787
06/03/20,10,24.5,39800,-8440,9:40:00,763388,88388,10942.65,11035.1,10827.4,10989.45,0,0,631447.9787
11/03/20,10,32,71300,10700,10:15:00,774088,99088,10334.29,10545.1,10334,10458.4,0,-0.048323619,600934.1268
12/03/20,10,34,122000,18800,10:00:00,792888,117888,10039.95,10040.75,9508,9590.15,0,-0.083019391,551044.9415
19/03/20,10,63.25,0,0,NT,792888,117888,8063.3,8575.45,7832.55,8263.45,0,-0.138339859,474813.4619
20/03/20,10,32,171500,-25780,11:30:00,767108,92108,8284.45,8883,8178.2,8745.45,0,0.058329148,502508.9267
25/03/20,10,84,176600,28200,10:00:00,795308,120308,7735.15,8376.75,7714.75,8317.85,0,-0.048893996,477939.2571
26/03/20,10,77.35,0,0,NT,795308,120308,8451,8749.05,8304.9,8641.45,0,0.038904284,496533.1418
26/03/20,10,77.35,0,0,NT,795308,120308,8451,8749.05,8304.9,8641.45,0,0,496533.1418
27/03/20,10,84,113500,-32100,9:30:00,763208,88208,8949.1,9038.9,8522.9,8660.25,0,0.002175561,497613.3798
01/04/20,10,60.95,237000,-35600,10:45:00,727608,52608,8584.1,8588.1,8198.35,8253.79,0,-0.04693398,474258.4034
03/04/20,10,51.96,101300,17200,12:05:00,744808,69808,8356.54,8356.55,8055.8,8083.8,0,-0.020595387,464490.868
08/04/20,10,51.96,115500,19600,11:40:00,764408,89408,8688.9,9131.7,8653.9,8748.75,0,0.082257107,502698.543
09/04/20,10,51,147700,23300,11:35:00,787708,112708,8973.04,9128.35,8904.54,9111.9,0,0.041508787,523564.9497
15/04/20,10,50.5,96000,-17700,2:05:00,770008,95008,9196.4,9261.2,8874.1,8925.29,0,-0.020479812,512842.4379
15/04/20,10,50.5,96000,-17700,2:05:00,752308,77308,9196.4,9261.2,8874.1,8925.29,0,0,512842.4379
16/04/20,10,48.5,115600,-13300,11:30:00,739008,64008,8851.25,9053.75,8821.9,8992.79,0,0.007562779,516720.9522
22/04/20,10,45.09,149900,7120,3:25:00,746128,71128,9026.75,9209.75,8946.25,9187.29,0,0.021628438,527896.8192
23/04/20,10,41.6,0,0,NT,746128,71128,9232.35,9343.6,9170.15,9313.9,0,0.013780995,535171.7628
24/04/20,10,50.5,92100,9100,3:25:00,755228,80228,9163.9,9296.9,9141.29,9154.4,0,-0.017124942,526006.9772
29/04/20,10,34.45,113750,1810,3:25:00,757038,82038,9408.6,9599.85,9392.35,9553.35,0,0.043580136,548930.433
30/04/20,10,32.9,122800,21900,1:10:00,778938,103938,9753.5,9889.05,9731.5,9859.9,0,0.03208822,566544.6337
06/05/20,10,42.5,99800,15100,1:25:00,794038,119038,9226.79,9346.9,9116.5,9270.9,0,-0.059736914,532701.0055
07/05/20,10,41.25,133700,19300,1:05:00,813338,138338,9234.04,9277.85,9175.9,9199.04,0,-0.007751135,528571.968
08/05/20,10,42.5,47250,7210,11:45:00,820548,145548,9376.95,9382.65,9238.2,9251.5,0,0.005702769,531586.2918
13/05/20,10,38.5,64800,10700,2:30:00,831248,156248,9584.2,9584.5,9351.1,9383.54,0,0.01427228,539173.2403
14/05/20,10,38.35,99300,15110,12:40:00,846358,171358,9213.95,9281.1,9119.75,9142.75,0,-0.025660891,525337.5744
15/05/20,10,38.5,97500,4880,3:25:00,851238,176238,9182.4,9182.4,9050,9136.85,0,-0.00064532,524998.5635
15/05/20,10,38.5,97500,4880,3:25:00,856118,181118,9182.4,9182.4,9050,9136.85,0,0,524998.5635
21/05/20,10,34.13,151500,18300,2:30:00,874418,199418,9079.45,9178.55,9056.1,9106.25,0,-0.003349075,523240.3037
28/05/20,10,30.35,119000,11975,2:30:00,886393,211393,9364.95,9511.25,9336.5,9490.1,0,0.042152368,545296.1215
03/06/20,10,30,91800,-14600,10:00:00,871793,196793,10108.29,10176.2,10035.54,10061.54,0,0.060214329,578130.7613
04/06/20,10,30,109300,-17300,12:15:00,854493,179493,10054.25,10123.85,9944.25,10029.1,0,-0.003224159,576266.7761
04/06/20,10,30,109300,-17300,12:15:00,837193,162193,10054.25,10123.85,9944.25,10029.1,0,0,576266.7761
05/06/20,10,30,36200,5625,12:40:00,842818,167818,10093.79,10177.8,10040.75,10142.15,0,0.011272198,582762.5693
10/06/20,10,29.5,70300,4780,3:25:00,847598,172598,10072.6,10148.75,10036.85,10116.15,0,-0.002563559,581268.623
11/06/20,10,29.5,88000,-14200,2:20:00,833398,158398,10094.1,10112.05,9885.04,9902,0,-0.021169121,568963.6774
12/06/20,10,29.5,6500,1200,9:35:00,834598,159598,9544.95,9996.05,9544.35,9972.9,0,0.00716017,573037.5539
17/06/20,10,33.32,148500,23100,2:55:00,857698,182698,9876.7,10003.6,9833.79,9881.15,0,-0.009199932,567765.6474
18/06/20,10,33.15,181800,-30100,2:20:00,827598,152598,9863.25,10111.2,9845.04,10091.65,0,0.021303188,579860.866
19/06/20,10,33.32,96200,8300,3:25:00,835898,160898,10119,10272.4,10072.65,10244.4,0,0.015136276,588637.8001
24/06/20,10,29.3,132000,-22100,3:05:00,813798,138798,10529.25,10553.15,10281.95,10305.29,0,0.005943735,592136.5073
24/06/20,10,29.3,132000,-22100,3:05:00,791698,116698,10529.25,10553.15,10281.95,10305.29,0,0,592136.5073
25/06/20,10,30,146000,22600,12:55:00,814298,139298,10235.54,10361.8,10194.5,10288.9,0,-0.001590445,591194.7466
26/06/20,10,29.3,80000,12100,2:30:00,826398,151398,10378.9,10409.85,10311.25,10383,0,0.009145778,596601.6827
01/07/20,10,28.64,109500,4300,3:25:00,830698,155698,10323.79,10447.05,10299.6,10430.04,0,0.004530483,599304.5762
02/07/20,10,27.5,130200,-5100,2:30:00,825598,150598,10493.05,10598.2,10485.54,10551.7,0,0.011664385,606295.0954
03/07/20,10,28.64,63000,5985,3:25:00,831583,156583,10614.95,10631.3,10562.65,10607.35,0,0.005274032,609492.715
08/07/20,10,25.3,77250,12400,1:40:00,843983,168983,10818.65,10847.85,10676.55,10705.75,0,0.009276587,615146.7269
09/07/20,10,25.7,95500,7875,2:30:00,851858,176858,10755.55,10836.85,10733,10813.45,0,0.010060014,621335.1118
10/07/20,10,25.3,36400,5800,10:45:00,857658,182658,10764.1,10819.4,10713,10768.05,0,-0.004198475,618726.4519
15/07/20,10,26.3,61200,10500,3:05:00,868158,193158,10701,10827.45,10577.75,10618.2,0,-0.013916169,610116.1502
16/07/20,10,26.45,72600,12700,12:05:00,880858,205858,10706.2,10755.3,10595.2,10739.95,0,0.011466162,617111.8408
17/07/20,10,26.3,17600,3210,9:30:00,884068,209068,10752,10933.45,10749.65,10901.7,0,0.015060592,626405.9101
22/07/20,10,24.88,115300,20100,3:05:00,904168,229168,11231.2,11238.1,11056.55,11132.6,0,0.021180183,639673.3019
23/07/20,10,24.7,139300,9900,2:30:00,914068,239068,11135,11239.8,11103.15,11215.45,0,0.007442107,644433.819
24/07/20,10,24.88,80500,10700,3:25:00,924768,249768,11149.95,11225.4,11090.3,11194.15,0,-0.001899166,643209.9323
24/07/20,10,24.88,80500,10700,3:25:00,935468,260468,11149.95,11225.4,11090.3,11194.15,0,0,643209.9323
29/07/20,10,23.85,103600,-10800,10:35:00,924668,249668,11276.9,11341.4,11149.75,11202.85,0,0.000777192,643709.8297
30/07/20,10,22,120000,-27150,1:50:00,897518,222518,11254.3,11299.95,11084.95,11102.15,0,-0.008988784,637923.661
31/07/20,10,23.85,86000,5100,3:25:00,902618,227618,11139.5,11150.4,11026.65,11073.45,0,-0.002585085,636274.5742
05/08/20,10,23.5,80000,-13100,11:55:00,889518,214518,11155.75,11225.65,11064.05,11101.65,0,0.002546632,637894.9313
06/08/20,10,23.5,81700,15900,2:20:00,905418,230418,11185.7,11256.8,11127.3,11200.15,0,0.008872555,643554.6891
07/08/20,10,23.5,38800,6200,12:55:00,911618,236618,11186.65,11231.9,11142.05,11214.05,0,0.001241055,644353.3757
12/08/20,10,21.6,53250,125,3:25:00,911743,236743,11289,11322,11242.65,11308.4,0,0.008413553,649774.6768
13/08/20,10,20.5,6000,9300,1:15:00,921043,246043,11334.85,11359.3,11269.95,11300.45,0,-0.000703017,649317.874
13/08/20,10,20.5,6000,9300,1:15:00,930343,255343,11334.85,11359.3,11269.95,11300.45,0,0,649317.874
14/08/20,10,21.6,15000,-4200,1:35:00,926143,251143,11353.3,11366.25,11111.45,11178.4,0,-0.010800455,642304.9456
19/08/20,10,20.1,92750,12400,3:25:00,938543,263543,11452.15,11460.35,11394.1,11408.4,0,0.020575395,655520.6238
20/08/20,10,20.5,109900,17150,1:55:00,955693,280693,11317.45,11361.45,11289.8,11312.2,0,-0.008432383,649993.0228
21/08/20,10,20.1,62000,9800,2:40:00,965493,290493,11409.65,11418.5,11362.2,11371.6,0,0.005250968,653406.1153
26/08/20,10,18.9,78200,5800,3:25:00,971293,296293,11512.85,11561.75,11461.85,11549.6,0,0.01565303,663633.9011
27/08/20,10,19.25,94800,210,2:30:00,971503,296503,11609.3,11617.35,11540.6,11559.25,0,0.000835527,664188.385
28/08/20,10,18.9,13400,2300,9:45:00,973803,298803,11602.95,11686.05,11589.4,11647.6,0,0.007643229,669264.9292
02/09/20,10,21.65,64800,9730,11:10:00,983533,308533,11478.55,11554.75,11430.4,11535,0,-0.009667228,662794.9928
02/09/20,10,21.65,64800,9730,11:10:00,993263,318263,11478.55,11554.75,11430.4,11535,0,0,662794.9928
03/09/20,10,20.7,87400,7100,2:30:00,1000363,325363,11566.2,11584.95,11507.65,11527.45,0,-0.00065453,662361.1738
04/09/20,10,21.65,30400,5500,10:00:00,1005863,330863,11354.4,11452.05,11303.65,11333.85,0,-0.016794694,651237.0203
09/09/20,10,22.5,55200,8900,12:25:00,1014763,339763,11218.6,11298.15,11185.15,11278,0,-0.004927717,648027.9089
10/09/20,10,21.5,69900,11200,1:55:00,1025963,350963,11363.3,11464.05,11327.4,11449.25,0,0.01518443,657867.8432
11/09/20,10,22.5,13400,-2430,9:40:00,1023533,348533,11447.8,11493.5,11419.9,11464.45,0,0.001327598,658741.2272
16/09/20,10,20.4,109700,-1300,3:25:00,1022233,347233,11538.45,11618.1,11516.75,11604.55,0,0.012220386,666791.299
17/09/20,10,19.8,120000,18450,12:50:00,1040683,365683,11539.4,11587.2,11498.5,11516.1,0,-0.00762201,661709.0088
18/09/20,10,20.4,73400,1840,3:25:00,1042523,367523,11584.1,11584.1,11446.1,11504.95,0,-0.00096821,661068.3357
23/09/20,10,20.5,94200,-16200,1:00:00,1026323,351323,11258.75,11259.55,11024.4,11131.85,0,-0.032429519,639630.2073
24/09/20,10,22.1,117600,3200,2:30:00,1029523,354523,11011,11015.3,10790.2,10805.55,0,-0.029312289,620881.182
25/09/20,10,20.5,58750,2380,3:25:00,1031903,356903,10910.4,11072.6,10854.85,11050.25,0,0.02264577,634941.5145
30/09/20,10,19.85,73750,8400,3:25:00,1040303,365303,11244.45,11295.4,11184.55,11247.55,0,0.0178548,646278.268
01/10/20,10,18.8,84500,4100,2:30:00,1044403,369403,11364.45,11428.6,11347.05,11416.95,0,0.015061058,656011.9023
07/10/20,10,19.9,58500,9200,1:45:00,1053603,378603,11679.25,11763.05,11629.35,11738.85,0,0.028194921,674508.1059
08/10/20,10,20.25,82000,13100,2:30:00,1066703,391703,11835.4,11905.7,11791.15,11834.6,0,0.008156676,680009.8502
09/10/20,10,19.9,24900,3900,10:55:00,1070603,395603,11852.05,11938.6,11805.2,11914.2,0,0.006726041,684583.6241
14/10/20,10,20.8,42750,6800,12:55:00,1077403,402403,11917.4,11997.2,11822.15,11971.05,0,0.004771617,687850.195
15/10/20,10,20.5,60600,9800,12:30:00,1087203,412203,12023.45,12025.45,11661.3,11680.35,0,-0.024283584,671146.7269
16/10/20,10,20.8,6000,1800,9:35:00,1089003,414003,11727.4,11789.75,11667.85,11762.45,0,0.007028899,675864.1494
21/10/20,10,22.18,119750,-19200,2:00:00,1069803,394803,11958.55,12018.65,11775.75,11937.65,0,0.014894856,685931.0486
22/10/20,10,23.25,126700,19500,2:30:00,1089303,414303,11890,11939.55,11823.45,11896.45,0,-0.003451266,683563.7184
22/10/20,10,23.25,126700,19500,2:30:00,1108803,433803,11890,11939.55,11823.45,11896.45,0,0,683563.7184
23/10/20,10,22.18,77600,6400,3:25:00,1115203,440203,11957.9,11974.55,11908.75,11930.35,0,0.00284959,685511.5945
27/10/20,10,22.39,93250,-14100,1:30:00,1101103,426103,11807.1,11899.05,11723,11889.4,0,-0.003432422,683158.6292
29/10/20,10,23.65,112400,18700,1:05:00,1119803,444803,11633.3,11744.15,11606.45,11670.8,0,-0.018386125,670597.9889
30/10/20,10,22.39,41600,7440,10:35:00,1127243,452243,11678.45,11748.95,11535.45,11642.4,0,-0.002433424,668966.14
04/11/20,10,23.05,55000,8450,11:25:00,1135693,460693,11783.35,11929.65,11756.4,11908.5,0,0.022856112,684256.1051
05/11/20,10,21.65,85400,-4200,2:30:00,1131493,456493,12062.4,12131.1,12027.6,12120.3,0,0.017785615,696426.0209
06/11/20,10,23.05,22000,4300,9:50:00,1135793,460793,12156.65,12280.4,12131.85,12263.55,0,0.011819014,704657.0901
11/11/20,10,21.35,57300,-14100,11:15:00,1121693,446693,12680.6,12769.75,12571.1,12749.15,0,0.039597017,732559.409
11/11/20,10,21.35,57300,-14100,11:15:00,1107593,432593,12680.6,12769.75,12571.1,12749.15,0,0,732559.409
12/11/20,10,21.35,63400,12775,2:00:00,1120368,445368,12702.15,12741.15,12624.85,12690.8,0,-0.004576776,729206.6489
13/11/20,10,19.7,10600,1650,10:05:00,1122018,447018,12659.7,12735.95,12607.7,12719.95,0,0.00229694,730881.5924
18/11/20,10,19.5,103700,16100,1:10:00,1138118,463118,12860.1,12948.85,12819.35,12938.25,0,0.017162017,743424.9949
19/11/20,10,19.25,115000,17900,1:55:00,1156018,481018,12839.5,12963,12745.75,12771.7,0,-0.012872684,733855.12
20/11/20,10,19.6,69900,11600,3:10:00,1167618,492618,12813.4,12892.45,12730.25,12859.05,0,0.00683934,738874.2048
25/11/20,10,21.15,93800,-14200,10:35:00,1153418,478418,13130,13145.85,12833.65,12858.4,0,-5.05E-05,738836.8561
26/11/20,10,21.15,102000,16900,2:00:00,1170318,495318,12906.45,13018,12790.4,12987,0,0.010001244,746226.1441
27/11/20,10,20.18,53800,8100,12:00:00,1178418,503418,13012.05,13035.3,12914.3,12968.95,0,-0.001389851,745189.0006
02/12/20,10,18.5,76700,11800,3:25:00,1190218,515218,13121.4,13128.5,12983.55,13113.75,0,0.011165129,753509.132
03/12/20,10,18.5,89600,11600,2:30:00,1201818,526818,13215.3,13216.6,13107.9,13133.9,0,0.001536555,754666.9403
04/12/20,10,18.5,39900,6100,1:45:00,1207918,532918,13177.4,13280.05,13152.85,13258.55,0,0.009490707,761829.2633
09/12/20,10,18.4,57250,8700,1:45:00,1216618,541618,13458.1,13548.9,13449.6,13529.1,0,0.0204057,777374.923
10/12/20,10,18.4,69900,11400,1:20:00,1228018,553018,13488.5,13503.55,13399.3,13478.3,0,-0.003754869,774455.9819
11/12/20,10,18.4,30250,4530,10:15:00,1232548,557548,13512.3,13579.35,13402.85,13513.85,0,0.002637573,776498.6661
11/12/20,10,18.4,30250,4530,10:15:00,1237078,562078,13512.3,13579.35,13402.85,13513.85,0,0,776498.6661
16/12/20,10,19.1,47300,7220,2:45:00,1244298,569298,13663.1,13692.35,13606.45,13682.7,0,0.012494589,786200.6977
17/12/20,10,19.1,55200,2450,2:30:00,1246748,571748,13713.55,13773.25,13673.55,13740.7,0,0.004238929,789533.347
18/12/20,10,19.1,8500,-2400,9:35:00,1244348,569348,13764.4,13772.85,13658.6,13760.55,0,0.001444613,790673.9175
24/12/20,10,20.25,127200,9900,2:30:00,1254248,579248,13672.15,13771.75,13626.9,13749.25,0,-0.000821188,790024.6255
30/12/20,10,21.25,102300,16400,1:50:00,1270648,595648,13980.9,13997,13864.95,13981.95,0,0.01692456,803395.4443
31/12/20,10,21.25,120300,22100,1:30:00,1292748,617748,13970,14024.85,13936.45,13981.75,0,-1.43E-05,803383.9524
31/12/20,10,21.25,120300,22100,1:30:00,1314848,639848,13970,14024.85,13936.45,13981.75,0,0,803383.9524
01/01/21,10,19.5,67500,2100,3:25:00,1316948,641948,13996.1,14049.85,13991.35,14018.5,0,0.002628426,805495.5879
06/01/21,10,21,81300,13100,3:05:00,1330048,655048,14240.95,14244.15,14039.9,14146.25,0,0.009112958,812836.0353
07/01/21,10,20.6,94900,17400,1:55:00,1347448,672448,14253.75,14256.25,14123.1,14137.35,0,-0.000629142,812324.646
08/01/21,10,20.6,43500,-1800,3:25:00,1345648,670648,14258.4,14367.3,14221.65,14347.25,0,0.014847196,824385.3889
13/01/21,10,23.2,65000,-10650,2:00:00,1334998,659998,14639.8,14653.35,14435.7,14564.85,0,0.01516667,836888.5697
14/01/21,10,23,74800,437,2:30:00,1335435,660435,14550.05,14617.8,14471.5,14595.6,0,0.002111247,838655.4484
15/01/21,10,24,16625,-4400,9:35:00,1331035,656035,14594.35,14617.45,14357.85,14433.7,0,-0.011092384,829352.7601
20/01/21,10,22.1,151300,-3270,3:25:00,1327765,652765,14538.3,14666.45,14517.55,14644.7,0,0.014618566,841476.7084
20/01/21,10,22.1,151300,-3270,3:25:00,1324495,649495,14538.3,14666.45,14517.55,14644.7,0,0,841476.7084
21/01/21,10,22.4,160000,14700,2:30:00,1339195,664195,14730.95,14753.55,14517.25,14590.35,0,-0.00371124,838353.7862
22/01/21,10,22.4,98000,-16100,11:10:00,1323095,648095,14583.4,14619.9,14357.75,14371.9,0,-0.014972225,825801.7648
27/01/21,10,24.3,112800,18100,11:40:00,1341195,666195,14237.95,14237.95,13929.3,13967.5,0,-0.028138242,802565.1549
28/01/21,10,24.4,143000,22100,2:00:00,1363295,688295,13810.4,13898.25,13713.25,13817.55,0,-0.010735636,793949.1073
29/01/21,10,25.3,47800,-9190,9:35:00,1354105,679105,13946.6,13966.85,13596.75,13634.6,0,-0.013240408,783436.8972
03/02/21,10,23.1,86800,7800,3:25:00,1361905,686905,14754.9,14868.85,14574.15,14789.95,0,0.084736626,849822.6965
04/02/21,10,23.1,99500,1020,2:30:00,1362925,687925,14789.05,14913.7,14714.75,14895.65,0,0.007146745,855896.1625
05/02/21,10,23.1,34650,-5800,10:20:00,1357125,682125,14952.6,15014.65,14864.75,14924.25,0,0.001920024,857539.5034
10/02/21,10,23.9,62700,11800,9:55:00,1368925,693925,15119.05,15168.25,14977.2,15106.5,0,0.012211669,868011.4919
11/02/21,10,23,82500,1650,2:30:00,1370575,695575,15073.25,15188.5,15065.4,15173.3,0,0.004421938,871849.7845
12/02/21,10,22.1,21675,3515,9:45:00,1374090,699090,15186.2,15243.5,15081,15163.3,0,-0.000659052,871275.1898
17/02/21,10,21.4,133500,3900,3:25:00,1377990,702990,15279.9,15314.3,15170.75,15208.9,0,0.003007261,873895.3417
18/02/21,10,21.5,126000,-19000,12:10:00,1358990,683990,15238.7,15250.75,15078.05,15118.95,0,-0.0059143,868726.8623
19/02/21,10,22.5,81600,15300,3:10:00,1374290,699290,15074.8,15144.05,14898.2,14981.75,0,-0.009074704,860843.4229
19/02/21,10,22.5,81600,15300,3:10:00,1389590,714590,15074.8,15144.05,14898.2,14981.75,0,0,860843.4229
24/02/21,10,24.1,118500,-2300,3:25:00,1387290,712290,14729.15,15008.8,14723.05,14982,0,1.67E-05,860857.7878
25/02/21,10,22.9,138000,19075,2:20:00,1406365,731365,15079.85,15176.5,15065.35,15097.35,0,0.007699239,867485.7377
26/02/21,10,28.2,23750,-5110,9:30:00,1401255,726255,14888.6,14919.45,14467.75,14529.15,0,-0.037635744,834837.2666
03/03/21,10,22,97800,-14800,3:00:00,1386455,711455,15064.4,15273.15,14995.8,15245.6,0,0.049311212,876004.1042
04/03/21,10,24.1,125000,19500,10:05:00,1405955,730955,15026.75,15202.35,14980.2,15080.75,0,-0.010812956,866531.9105
05/03/21,10,25.5,38300,5950,9:55:00,1411905,736905,14977.95,15092.35,14862.1,14938.1,0,-0.009459079,858335.3171
09/03/21,10,22.5,79300,13400,2:50:00,1425305,750305,15049.9,15126.85,14925.45,15098.4,0,0.01073095,867546.0702
10/03/21,10,20.7,96000,14100,1:40:00,1439405,764405,15202.15,15218.45,15100.85,15174.8,0,0.005060139,871935.9737
12/03/21,10,21.7,17600,-3650,9:40:00,1435755,760755,15321.15,15336.3,14953.6,15030.95,0,-0.009479532,863670.4289
18/03/21,10,19.5,130000,-26100,1:20:00,1409655,734655,14855.5,14875.2,14478.6,14557.85,0,-0.031475056,836486.3534
19/03/21,10,19.9,46825,7880,10:25:00,1417535,742535,14471.15,14788.25,14350.1,14744,0,0.012786916,847182.4338
24/03/21,10,22.4,97000,14700,1:45:00,1432235,757235,14712.45,14752.35,14535,14549.4,0,-0.013198589,836000.8208
25/03/21,10,23,129000,-19350,1:50:00,1412885,737885,14570.9,14575.6,14264.4,14324.9,0,-0.01543019,823101.1697
26/03/21,10,20.7,61100,10200,1:35:00,1423085,748085,14506.3,14572.9,14414.25,14507.3,0,0.012733073,833581.7771
31/03/21,10,20.6,88250,14400,11:45:00,1437485,762485,14811.85,14813.75,14670.25,14690.7,0,0.012641911,844119.844
31/03/21,10,20.6,88250,14400,11:45:00,1451885,776885,14811.85,14813.75,14670.25,14690.7,0,0,844119.844
01/04/21,10,20,117500,-21787,10:55:00,1430098,755098,14798.4,14883.2,14692.45,14867.35,0,0.012024614,854270.0595
07/04/21,10,20.2,75900,11200,3:15:00,1441298,766298,14716.45,14879.8,14649.85,14819.05,0,-0.00324873,851494.7671
08/04/21,10,20,96000,15100,2:15:00,1456398,781398,14875.65,14984.15,14821.1,14873.8,0,0.003694569,854640.6731
09/04/21,10,19.7,32225,5250,10:15:00,1461648,786648,14882.65,14918.45,14785.65,14834.85,0,-0.002618699,852402.6267
15/04/21,10,20.8,78000,-11600,10:45:00,1450048,775048,14522.4,14597.55,14353.2,14581.45,0,-0.0170814,837842.3969
16/04/21,10,20.4,15150,2560,9:50:00,1452608,777608,14599.6,14697.7,14559,14617.85,0,0.002496322,839933.9216
21/04/21,10,24.3,142600,23200,11:30:00,1475808,800808,,,,,,0,839933.9216
22/04/21,10,23,143000,23500,11:30:00,1499308,824308,14219.15,14424.75,14151.4,14406.15,0,-0.014482294,827769.7517
23/04/21,10,22.7,70400,3200,3:25:00,1502508,827508,14326.35,14461.15,14273.3,14341.35,0,-0.004498079,824046.378
28/04/21,10,22.5,118900,2200,3:25:00,1504708,829708,14710.5,14890.25,14694.95,14864.55,0,0.036481921,854109.173
29/04/21,10,22.25,131000,-19100,9:55:00,1485608,810608,14979,15044.35,14814.45,14894.9,0,0.002041771,855853.0679
30/04/21,10,23.02,62650,9200,1:15:00,1494808,819808,14747.35,14855.45,14601.7,14631.1,0,-0.01771076,840695.2596
30/04/21,10,23.02,62650,9200,1:15:00,1504008,829008,14747.35,14855.45,14601.7,14631.1,0,0,840695.2596
05/05/21,10,21.9,90500,4075,3:25:00,1508083,833083,14604.15,14637.9,14506.6,14617.85,0,-0.000905605,839933.9216
06/05/21,10,21.9,109000,11250,2:30:00,1519333,844333,14668.35,14743.9,14611.5,14724.8,0,0.007316397,846079.212
07/05/21,10,20.8,47500,125,3:25:00,1519458,844458,14816.85,14863.05,14765.5,14823.15,0,0.006679208,851730.3509
12/05/21,10,20,88000,14000,12:45:00,1533458,858458,14823.55,14824.05,14649.7,14696.5,0,-0.008544068,844453.109
14/05/21,10,20.6,23175,-3920,9:30:00,1529538,854538,14749.4,14749.65,14591.9,14677.8,0,-0.001272412,843378.6169
19/05/21,10,19.3,112700,7450,3:25:00,1536988,861988,15058.6,15133.4,15008.85,15030.15,0,0.024005641,863624.4613
20/05/21,10,19.3,129000,19500,2:05:00,1556488,881488,15042.6,15069.8,14884.9,14906.05,0,-0.008256737,856493.741
20/05/21,10,19.3,129000,19500,2:05:00,1575988,900988,15042.6,15069.8,14884.9,14906.05,0,0,856493.741
21/05/21,10,19.1,78700,700,3:25:00,1576688,901688,14987.8,15190,14985.85,15175.3,0,0.018063135,871964.7035
26/05/21,10,20.8,99300,-510,3:25:00,1576178,901178,15257.05,15319.9,15194.95,15301.45,0,0.00831285,879213.2157
27/05/21,10,21,113000,11335,2:30:00,1587513,912513,15323.95,15384.55,15272.5,15337.85,0,0.00237886,881304.7404
28/05/21,10,17.4,54900,1260,3:25:00,1588773,913773,15421.2,15469.65,15394.75,15435.65,0,0.006376383,886924.2766
02/06/21,10,17.2,67200,4350,3:25:00,1593123,918123,15520.35,15597.45,15459.85,15576.2,0,0.009105545,895000.2052
03/06/21,10,15.9,78000,11200,1:50:00,1604323,929323,15655.55,15705.1,15611,15690.35,0,0.007328488,901559.2038
04/06/21,10,15.9,24400,4120,10:00:00,1608443,933443,15712.5,15733.6,15622.35,15670.25,0,-0.001281042,900404.2684
09/06/21,10,15,46500,6800,11:25:00,1615243,940243,15766.3,15800.45,15566.9,15635.35,0,-0.00222715,898398.9329
09/06/21,10,15,46500,6800,11:25:00,1622043,947043,15766.3,15800.45,15566.9,15635.35,0,0,898398.9329
10/06/21,10,15,58000,8700,1:10:00,1630743,955743,15692.1,15751.25,15648.5,15737.75,0,0.006549262,904282.7827
11/06/21,10,14.1,11400,1820,9:40:00,1632563,957563,15796.45,15835.55,15749.8,15799.35,0,0.003914155,907822.2861
16/06/21,10,14.9,96600,-13400,1:05:00,1619163,944163,15847.5,15880.85,15742.6,15767.55,0,-0.002012741,905995.0749
17/06/21,10,15,108000,18500,11:45:00,1637663,962663,15648.3,15769.35,15616.75,15691.4,0,-0.004829539,901619.5362
18/06/21,10,14.8,71000,-11600,9:45:00,1626063,951063,15756.5,15761.5,15450.9,15683.35,0,-0.00051302,901156.9875
23/06/21,10,15.4,98700,-16700,10:15:00,1609363,934363,15862.8,15862.95,15673.95,15686.95,0,0.000229543,901363.8416
24/06/21,10,15.25,103000,15500,2:30:00,1624863,949863,15737.3,15821.4,15702.7,15790.45,0,0.006597841,907310.8968
25/06/21,10,13.3,58900,9500,2:00:00,1634363,959363,15839.35,15870.8,15772.3,15860.35,0,0.004426726,911327.3138
30/06/21,10,13,61200,9100,9:40:00,1643463,968463,15776.9,15839.1,15708.75,15721.5,0,-0.008754536,903349.0663
01/07/21,10,13.25,80500,13900,2:15:00,1657363,982363,15755.05,15755.55,15667.05,15680,0,-0.002639697,900964.4983
02/07/21,10,12.1,43300,7010,10:10:00,1664373,989373,15705.85,15738.35,15635.95,15722.2,0,0.002691327,903389.2879
07/07/21,10,12.2,53200,8100,2:35:00,1672473,997473,15819.6,15893.55,15779.7,15879.65,0,0.010014502,912436.2816
08/07/21,10,12.5,62500,-10175,12:00:00,1662298,987298,15855.4,15885.75,15682.9,15727.9,0,-0.009556256,903716.8069
09/07/21,10,12.9,28950,4870,10:00:00,1667168,992168,15688.25,15730.85,15632.75,15689.8,0,-0.002422447,901527.6011
09/07/21,10,12.9,28950,4870,10:00:00,1672038,997038,15688.25,15730.85,15632.75,15689.8,0,0,901527.6011
14/07/21,10,12.6,38800,5900,11:20:00,1677938,1002938,15808.7,15877.35,15764.2,15853.95,0,0.010462211,910959.5732
15/07/21,10,12.65,50000,7200,1:00:00,1685138,1010138,15872.15,15952.35,15855,15924.2,0,0.004431072,914996.101
16/07/21,10,11.7,13850,2350,9:40:00,1687488,1012488,15958.35,15962.25,15882.6,15923.4,0,-5.02E-05,914950.1334
21/07/21,10,12.5,87100,13200,2:20:00,1700688,1025688,,,,,,0,914950.1334
23/07/21,10,11.8,49800,-8280,9:35:00,1692408,1017408,15856.8,15899.8,15768.4,15856.05,0,-0.004229624,911080.238
28/07/21,10,13.7,67850,-10300,11:05:00,1682108,1007108,15761.55,15767.5,15513.45,15709.4,0,-0.009248836,902653.8067
29/07/21,10,13.1,81500,6300,2:30:00,1688408,1013408,15762.7,15817.35,15737.8,15778.45,0,0.004395457,906621.3831
29/07/21,10,13.1,81500,6300,2:30:00,1694708,1019708,15762.7,15817.35,15737.8,15778.45,0,0,906621.3831
30/07/21,10,12.8,43400,2120,3:25:00,1696828,1021828,15800.6,15862.8,15744.85,15763.05,0,-0.000976015,905736.5073
04/08/21,10,13.2,52800,7950,2:15:00,1704778,1029778,16195.25,16290.2,16176.15,16258.8,0,0.031450132,934222.0398
05/08/21,10,13,65000,10100,12:45:00,1714878,1039878,16288.95,16349.45,16210.3,16294.6,0,0.002201885,936279.0889
06/08/21,10,12.6,16900,2750,10:10:00,1717628,1042628,16304.4,16336.75,16223.3,16238.2,0,-0.003461269,933038.3747
11/08/21,10,12.7,39100,-6200,10:35:00,1711428,1036428,16327.3,16338.75,16162.55,16282.25,0,0.002712739,935569.4644
12/08/21,10,17.2,51500,8400,2:15:00,1719828,1044828,16303.65,16375.5,16286.9,16364.4,0,0.005045371,940289.7599
13/08/21,10,13,14850,2250,11:00:00,1722078,1047078,16385.7,16543.6,16376.3,16529.09,0,0.010063919,949752.7601
18/08/21,10,13.25,105000,-17500,1:00:00,1704578,1029578,16691.95,16701.85,16535.84,16568.84,0,0.002404851,952036.7741
18/08/21,10,13.25,105000,-17500,1:00:00,1687078,1012078,16691.95,16701.85,16535.84,16568.84,0,0,952036.7741
20/08/21,10,14,50500,7830,11:20:00,1694908,1019908,16382.5,16509.55,16376.05,16450.5,0,-0.007142323,945237.0203
25/08/21,10,13.4,74500,7200,3:25:00,1702108,1027108,16654,16712.45,16617.5,16634.65,0,0.011194189,955818.1818
26/08/21,10,13.65,89500,12600,2:30:00,1714708,1039708,16627.95,16683.7,16603.4,16636.9,0,0.00013526,955947.4656
27/08/21,10,13.4,49400,3960,3:25:00,1718668,1043668,16642.55,16722.05,16565.59,16705.2,0,0.004105332,959871.9475
01/09/21,10,14.2,75300,-600,3:25:00,1718068,1043068,17185.59,17225.75,17055.05,17076.25,0,0.022211647,981192.284
02/09/21,10,13.8,83000,-1785,2:30:00,1716283,1041283,17095.4,17245.5,17059.7,17234.15,0,0.009246761,990265.1344
03/09/21,10,14.5,38950,5940,1:35:00,1722223,1047223,17262.45,17340.1,17212.2,17323.59,0,0.005189696,995404.3095
08/09/21,10,14.4,62700,7200,3:25:00,1729423,1054423,17375.75,17383.4,17254.2,17353.5,0,0.001726547,997122.9222
09/09/21,10,14.15,76000,9800,2:30:00,1739223,1064223,17312.84,17379.65,17302.7,17369.25,0,0.000907598,998027.9089
15/09/21,10,13.7,42200,-2800,3:25:00,1736423,1061423,17387.65,17532.7,17386.9,17519.45,0,0.008647466,1006658.321
16/09/21,10,13.75,58500,8300,12:15:00,1744723,1069723,17539.2,17644.6,17510.45,17629.5,0,0.00628159,1012981.736
17/09/21,10,15.2,12950,2400,9:50:00,1747123,1072123,17709.65,17792.95,17537.65,17585.15,0,-0.00251567,1010433.409
17/09/21,10,15.2,12950,2400,9:50:00,1749523,1074523,17709.65,17792.95,17537.65,17585.15,0,0,1010433.409
22/09/21,10,16.5,106800,1850,3:25:00,1751373,1076373,17580.9,17610.45,17524,17546.65,0,-0.002189347,1008221.219
23/09/21,10,15.8,127000,-1350,2:30:00,1750023,1075023,17670.84,17843.9,17646.55,17822.95,0,0.015746596,1024097.271
24/09/21,10,16.9,76950,7700,3:25:00,1757723,1082723,17897.45,17947.65,17819.4,17853.2,0,0.00169725,1025835.42
29/09/21,10,18.8,123300,6600,3:25:00,1764323,1089323,17657.95,17781.75,17608.15,17711.3,0,-0.007948155,1017681.921
30/09/21,10,19,133000,13300,2:30:00,1777623,1102623,17718.9,17742.15,17585.34,17618.15,0,-0.005259354,1012329.571
01/10/21,10,17.2,63550,9200,3:25:00,1786823,1111823,17531.9,17557.15,17452.9,17532.05,0,-0.004887006,1007382.311
06/10/21,10,17.3,89700,-14100,2:20:00,1772723,1097723,17861.5,17884.6,17613.15,17646,0,0.006499525,1013929.817
07/10/21,10,16.5,103000,1250,2:30:00,1773973,1098973,17810.55,17857.55,17763.8,17790.34,0,0.008179757,1022223.517
07/10/21,10,16.5,103000,1250,2:30:00,1775223,1100223,17810.55,17857.55,17763.8,17790.34,0,0,1022223.517
08/10/21,10,15.6,43200,3100,3:25:00,1778323,1103323,17886.84,17941.85,17840.34,17895.2,0,0.00589421,1028248.717
13/10/21,10,16.1,56700,4050,3:25:00,1782373,1107373,18097.84,18197.8,18050.75,18161.75,0,0.014895056,1043564.539
14/10/21,10,16.15,81500,-3850,2:30:00,1778523,1103523,18272.84,18350.75,18248.7,18338.55,0,0.009734745,1053723.374
20/10/21,10,18.3,118500,18200,3:25:00,1796723,1121723,18439.9,18458.3,18209.34,18266.59,0,-0.003923974,1049588.59
21/10/21,10,18.15,121000,-19200,10:55:00,1777523,1102523,18382.7,18384.2,18048,18178.09,0,-0.004844911,1044503.427
22/10/21,10,17.5,79125,-13800,1:15:00,1763723,1088723,18230.7,18314.25,18034.34,18114.9,0,-0.003476163,1040872.563
27/10/21,10,16.8,99600,8900,3:25:00,1772623,1097623,18295.84,18342.05,18167.9,18210.95,0,0.005302265,1046391.545
27/10/21,10,16.8,99600,8900,3:25:00,1781523,1106523,18295.84,18342.05,18167.9,18210.95,0,0,1046391.545
28/10/21,10,17,113500,-18100,2:00:00,1763423,1088423,18187.65,18190.7,17799.45,17857.25,0,-0.01942238,1026068.131
29/10/21,10,17.4,63350,10200,3:15:00,1773623,1098623,17833.05,17915.85,17613.09,17671.65,0,-0.010393538,1015403.653
03/11/21,10,16.5,94000,-14650,2:30:00,1758973,1083973,17947.95,17988.75,17757.95,17829.2,0,0.00891541,1024456.392
10/11/21,10,16.3,54500,5800,3:25:00,1764773,1089773,17973.45,18061.25,17915,18017.2,0,0.0105445,1035258.773
11/11/21,10,16.5,71500,2800,2:30:00,1767573,1092573,17967.45,17971.35,17798.2,17873.59,0,-0.007970717,1027007.018
12/11/21,10,15.2,14700,2610,9:55:00,1770183,1095183,17977.59,18123,17905.9,18102.75,0,0.012821151,1040174.431
17/11/21,10,14.9,98200,8100,3:25:00,1778283,1103283,17939.34,18022.65,17879.25,17898.65,0,-0.01127453,1028446.953
18/11/21,10,14.5,106500,-16200,10:10:00,1762083,1087083,17890.55,17945.6,17688.5,17764.8,0,-0.007478218,1020756.002
24/11/21,10,17.1,93100,-7700,3:25:00,1754383,1079383,17550.05,17600.6,17354,17415.05,0,-0.01968781,1000659.553
25/11/21,10,16,108500,-3400,2:30:00,1750983,1075983,17417.3,17564.35,17351.7,17536.25,0,0.006959498,1007623.64
26/11/21,10,20.8,58300,-9230,10:45:00,1741753,1066753,17338.75,17355.4,16985.7,17026.45,0,-0.02907121,978330.8024
26/11/21,10,20.8,58300,-9230,10:45:00,1732523,1057523,17338.75,17355.4,16985.7,17026.45,0,0,978330.8024
01/12/21,10,19.5,92150,13800,2:30:00,1746323,1071323,17104.4,17213.05,17064.25,17166.9,0,0.00824893,986400.985
02/12/21,10,19.75,108500,-2875,2:30:00,1743448,1068448,17183.2,17420.35,17149.3,17401.65,0,0.013674571,999889.5957
03/12/21,10,18.4,44025,-6900,12:45:00,1736548,1061548,17424.9,17489.8,17180.8,17196.7,0,-0.011777619,988113.2772
08/12/21,10,17.2,71600,5850,3:25:00,1742398,1067398,17315.25,17484.6,17308.95,17469.75,0,0.015878046,1003802.586
09/12/21,10,16.5,83000,14100,2:25:00,1756498,1081498,17524.4,17543.25,17379.59,17516.84,0,0.002695517,1006508.352
10/12/21,10,16.1,23625,4100,10:55:00,1760598,1085598,17476.05,17534.35,17405.25,17511.3,0,-0.000316267,1006190.027
15/12/21,10,17.2,52550,8300,1:20:00,1768898,1093898,17323.65,17351.2,17192.2,17221.4,0,-0.016555024,989532.5262
16/12/21,10,16.5,69000,-10700,11:35:00,1758198,1083198,17373,17379.35,17184.95,17248.4,0,0.001567817,991083.9319
16/12/21,10,16.5,69000,-10700,11:35:00,1747498,1072498,17373,17379.35,17184.95,17248.4,0,0,991083.9319
17/12/21,10,16.3,6500,-1640,9:55:00,1745858,1070858,17276,17298.15,16966.45,16985.2,0,-0.015259386,975960.5992
22/12/21,10,16.6,102050,4030,3:25:00,1749888,1074888,16865.55,16971,16819.5,16955.45,0,-0.001751525,974251.18
23/12/21,10,16.25,116000,4700,2:30:00,1754588,1079588,17066.8,17118.65,17015.55,17072.59,0,0.006908693,980981.9824
24/12/21,10,16.1,56050,-8500,9:45:00,1746088,1071088,17149.5,17155.6,16909.59,17003.75,0,-0.004032194,977026.4724
29/12/21,10,16.2,93000,10275,3:25:00,1756363,1081363,17220.09,17285.95,17176.65,17213.59,0,0.012340807,989083.7677
30/12/21,10,16.5,112000,8650,2:30:00,1765013,1090013,17201.45,17264.05,17146.34,17203.95,0,-0.000560023,988529.8584
31/12/21,10,16.2,51000,8280,9:55:00,1773293,1098293,17244.5,17400.8,17238.5,17354.05,0,0.008724741,997154.5249
05/01/22,10,17.2,75700,12175,3:20:00,1785468,1110468,17820.09,17944.7,17748.84,17925.25,0,0.032914507,1029975.375
05/01/22,10,17.2,75700,12175,3:20:00,1797643,1122643,17820.09,17944.7,17748.84,17925.25,0,0,1029975.375
06/01/22,10,17.2,98000,15200,1:35:00,1812843,1137843,17768.5,17797.95,17655.55,17745.9,0,-0.010005439,1019670.018
07/01/22,10,17.6,41050,-8120,12:00:00,1804723,1129723,17797.6,17905,17704.55,17812.7,0,0.00376425,1023508.311
12/01/22,10,16.7,59300,3900,3:25:00,1808623,1133623,18170.4,18227.95,18128.8,18212.35,0,0.022436239,1046471.989
13/01/22,10,17.2,72000,10900,2:15:00,1819523,1144523,18257,18272.25,18163.8,18257.8,0,0.002495559,1049083.521
14/01/22,10,16.7,6500,1430,9:35:00,1820953,1145953,18185,18286.95,18119.65,18255.75,0,-0.000112281,1048965.73
19/01/22,10,17.8,130700,-19500,1:35:00,1801453,1126453,18129.2,18129.2,17884.9,17938.4,0,-0.017383564,1030730.967
20/01/22,10,17.8,151000,-22500,1:25:00,1778953,1103953,17921,17943.7,17648.45,17757,0,-0.010112385,1020307.819
21/01/22,10,18.9,78200,12200,2:00:00,1791153,1116153,17613.7,17707.6,17485.84,17617.15,0,-0.007875767,1012272.112
25/01/22,10,21.3,105300,17050,1:00:00,1808203,1133203,17001.55,17309.15,16836.8,17277.95,0,-0.019253966,992781.8592
25/01/22,10,21.3,105300,17050,1:00:00,1825253,1150253,17001.55,17309.15,16836.8,17277.95,0,0,992781.8592
27/01/22,10,21.3,148000,25825,10:25:00,1851078,1176078,17062,17182.5,16866.75,17110.15,0,-0.0097118,983140.1601
28/01/22,10,20.7,32750,5480,10:20:00,1856558,1181558,17208.3,17373.5,17077.09,17101.95,0,-0.000479248,982668.9924
02/02/22,10,18.6,96400,6052,3:25:00,1862610,1187610,17706.2,17794.6,17674.8,17780,0,0.039647526,1021629.386
03/02/22,10,18.6,112000,575,2:30:00,1863185,1188185,17767.75,17781.15,17511.15,17560.2,0,-0.012362205,1008999.795
04/02/22,10,14.36,37350,8410,9:45:00,1871595,1196595,17590.2,17617.8,17462.55,17516.3,0,-0.002499972,1006477.324
04/02/22,10,14.36,37350,8410,9:45:00,1880005,1205005,17590.2,17617.8,17462.55,17516.3,0,0,1006477.324
09/02/22,10,18.5,70900,4075,3:25:00,1884080,1209080,17370.09,17477.15,17339,17463.8,0,-0.002997208,1003460.702
10/02/22,10,18.5,78000,-9400,2:30:00,1874680,1199680,17554.1,17639.45,17427.15,17605.85,0,0.008133969,1011622.82
11/02/22,10,13.5,16475,3130,9:40:00,1877810,1202810,17451,17454.75,17303,17374.75,0,-0.013126319,998343.936
16/02/22,10,20.6,149500,15375,3:25:00,1893185,1218185,17408.45,17490.6,17257.7,17322.2,0,-0.003024504,995324.4408
17/02/22,10,20.6,172000,26825,12:05:00,1920010,1245010,17396.55,17442.9,17235.85,17304.6,0,-0.001016037,994313.1541
18/02/22,10,13.9,91350,13200,3:25:00,1933210,1258210,17236.05,17380.8,17219.2,17276.3,0,-0.001635403,992687.0511
23/02/22,10,24.6,159000,5200,3:25:00,1938410,1263410,17194.5,17220.7,17027.85,17063.25,0,-0.012331923,980445.3109
24/02/22,10,24.54,194000,29500,12:30:00,1967910,1292910,16548.9,16705.25,16203.25,16247.95,0,-0.04778105,933598.6046
24/02/22,10,24.54,194000,29500,12:30:00,1997410,1322410,16548.9,16705.25,16203.25,16247.95,0,0,933598.6046
25/02/22,10,13.9,67200,13800,10:15:00,2011210,1336210,16515.65,16748.8,16478.3,16658.4,0,0.025261648,957182.8442
02/03/22,10,29.2,131000,21500,10:45:00,2032710,1357710,16593.1,16678.5,16478.65,16605.95,0,-0.003148562,954169.095
03/03/22,10,29.23,194000,15100,2:30:00,2047810,1372810,16723.2,16768.95,16442.95,16498.05,0,-0.006497671,947969.2181
04/03/22,10,17.9,73950,1380,3:25:00,2049190,1374190,16339.45,16456,16133.8,16245.35,0,-0.015316962,933449.2099
09/03/22,10,27.5,120800,-2025,3:25:00,2047165,1372165,16078,16418.05,15990,16345.35,0,0.006155608,939195.157
10/03/22,10,27.5,130975,19750,12:45:00,2066915,1391915,16757.1,16757.3,16447.9,16594.9,0,0.015267339,953534.1679
11/03/22,10,18.2,39850,-1970,3:25:00,2064945,1389945,16528.8,16694.4,16470.9,16630.45,0,0.002142224,955576.852
16/03/22,10,24.1,92300,-8625,3:25:00,2056320,1381320,16876.65,16987.9,16837.85,16975.35,0,0.020739066,975394.6234
16/03/22,10,24.1,92300,-8625,3:25:00,2047695,1372695,16876.65,16987.9,16837.85,16975.35,0,0,975394.6234
17/03/22,10,24.1,96000,5375,2:30:00,2053070,1378070,17202.9,17344.6,17175.75,17287.05,0,0.018361919,993304.7404
23/03/22,10,24.7,162500,-3025,3:25:00,2050045,1375045,17405.05,17442.4,17199.6,17245.65,0,-0.002394856,990925.9183
24/03/22,10,24.7,195000,2400,2:30:00,2052445,1377445,17094.95,17291.75,17091.15,17222.75,0,-0.001327871,989610.0964
30/03/22,10,20.6,139500,-3750,3:25:00,2048695,1373695,17468.15,17522.5,17387.2,17498.25,0,0.015996284,1005440.181
31/03/22,10,20.6,145000,19600,2:30:00,2068295,1393295,17519.2,17559.8,17435.2,17464.75,0,-0.001914477,1003515.288
01/04/22,10,18.4,75650,-5600,3:25:00,2062695,1387695,17436.9,17703.7,17422.7,17670.45,0,0.01177801,1015334.701
06/04/22,10,19,94800,6880,3:25:00,2069575,1394575,17842.75,17901,17779.85,17807.65,0,0.007764375,1023218.141
07/04/22,10,18.9,118000,2825,2:30:00,2072400,1397400,17723.3,17787.5,17623.7,17639.55,0,-0.009439763,1013559.204
08/04/22,10,17.6,49500,4120,3:25:00,2076520,1401520,17698.15,17842.75,17600.55,17784.35,0,0.008208826,1021879.335
12/04/22,10,18.2,74300,1685,3:25:00,2078205,1403205,17584.85,17595.3,17442.35,17530.3,0,-0.014285032,1007281.757
13/04/22,10,18.15,73000,-11300,12:05:00,2066905,1391905,17599.9,17663.65,17457.4,17475.65,0,-0.003117459,1004141.597
20/04/22,10,18.7,126600,2770,3:25:00,2069675,1394675,17045.25,17186.9,16978.95,17136.55,0,-0.019404142,984657.0901
21/04/22,10,18.6,145000,-20525,2:30:00,2049150,1374150,17234.6,17414.7,17215.5,17392.6,0,0.014941747,999369.5875
22/04/22,10,18.3,82300,-3120,3:25:00,2046030,1371030,17242.75,17315.3,17149.2,17171.95,0,-0.01268643,986691.1553
27/04/22,10,20.6,126500,8925,3:25:00,2054955,1379955,17073.35,17110.7,16958.45,17038.4,0,-0.007777218,979017.4431
28/04/22,10,20.6,147000,-22375,2:00:00,2032580,1357580,17189.5,17322.5,17071.05,17245.05,0,0.012128486,990891.4426
29/04/22,10,19.4,76050,-12100,2:20:00,2020480,1345480,17329.25,17377.65,17053.25,17102.55,0,-0.008263241,982703.4681
04/05/22,10,21.9,105000,-17100,11:45:00,2003380,1328380,17096.6,17132.85,16623.95,16677.6,0,-0.024847172,958286.0661
05/05/22,10,21.8,116000,18100,1:40:00,2021480,1346480,16854.75,16945.7,16651.85,16682.65,0,0.000302801,958576.2364
05/05/22,10,21.8,116000,18100,1:40:00,2039580,1364580,16854.75,16945.7,16651.85,16682.65,0,0,958576.2364
06/05/22,10,21.2,39650,6400,3:25:00,2045980,1370980,16415.55,16484.2,16340.9,16411.25,0,-0.016268399,942981.7361
11/05/22,10,22.8,73400,-10120,10:25:00,2035860,1360860,16270.05,16318.75,15992.6,16167.1,0,-0.01487699,928953.0064
12/05/22,10,22.8,92200,16100,12:10:00,2051960,1376960,16021.1,16041.95,15735.75,15808,0,-0.022211776,908319.3105
13/05/22,10,23.4,16600,2600,9:30:00,2054560,1379560,15977,16083.6,15740.85,15782.15,0,-0.001635248,906833.9832
18/05/22,10,23,167000,3565,3:25:00,2058125,1383125,16318.15,16399.8,16211.2,16240.3,0,0.029029632,933159.0396
19/05/22,10,22.3,191200,21900,1:00:00,2080025,1405025,15917.4,15984.75,15775.2,15809.4,0,-0.026532761,908399.7537
20/05/22,10,23.1,103050,15500,2:50:00,2095525,1420525,16043.8,16283.05,16003.85,16266.15,0,0.02889104,934644.3669
25/05/22,10,25.2,159000,-9560,3:25:00,2085965,1410965,16196.35,16223.35,16006.95,16025.8,0,-0.014776084,920833.9832
25/05/22,10,25.2,159000,-9560,3:25:00,2076405,1401405,16196.35,16223.35,16006.95,16025.8,0,0,920833.9832
26/05/22,10,25.2,178200,-27800,10:55:00,2048605,1373605,16105,16204.45,15903.7,16170.15,0,0.009007351,929128.2577
27/05/22,10,21.4,86850,4680,3:25:00,2053285,1378285,16296.6,16370.6,16221.95,16352.45,0,0.01127386,939603.1192
01/06/22,10,20.8,114100,5430,3:25:00,2058715,1383715,16594.4,16649.2,16438.85,16522.75,0,0.010414342,949388.4671
02/06/22,10,20.8,136000,-1025,2:30:00,2057690,1382690,16481.65,16646.4,16443.05,16628,0,0.006370005,955436.0763
03/06/22,10,19.9,61925,-6730,3:25:00,2050960,1375960,16761.65,16793.85,16567.9,16584.3,0,-0.002628097,952925.0975
08/06/22,10,19.8,84000,13100,1:20:00,2064060,1389060,16474.95,16514.3,16293.35,16356.25,0,-0.013750957,939821.4652
09/06/22,10,19.8,108000,-6000,2:30:00,2058060,1383060,16263.85,16492.8,16243.85,16478.1,0,0.007449752,946822.9017
10/06/22,10,19.5,45000,-7100,1:05:00,2050960,1375960,16283.95,16324.7,16172.6,16201.8,0,-0.01676771,930946.85
15/06/22,10,22.1,73000,-770,3:25:00,2050190,1375190,15729.25,15783.65,15678.9,15692.15,0,-0.031456381,901662.6308
16/06/22,10,22.15,90500,-19900,11:20:00,2030290,1355290,15832.25,15863.15,15335.1,15360.6,0,-0.021128399,882611.9434
17/06/22,10,22.75,15700,-4120,9:30:00,2026170,1351170,15272.65,15400.4,15183.4,15293.5,0,-0.004368319,878756.4129
22/06/22,10,21.3,132400,4720,3:25:00,2030890,1355890,15545.65,15565.4,15385.95,15413.3,0,0.007833393,885640.0575
23/06/22,10,21.3,154000,20875,2:30:00,2051765,1376765,15451.55,15628.45,15367.5,15556.65,0,0.009300409,893876.8726
24/06/22,10,20.5,84100,9200,3:25:00,2060965,1385965,15657.4,15749.25,15619.45,15699.25,0,0.009166498,902070.5931
24/06/22,10,20.5,84100,9200,3:25:00,2070165,1395165,15657.4,15749.25,15619.45,15699.25,0,0,902070.5931
29/06/22,10,21.9,128500,5370,3:25:00,2075535,1400535,15701.7,15861.6,15687.8,15799.1,0,0.006360176,907807.9212
30/06/22,10,21.5,141500,21700,2:00:00,2097235,1422235,15774.5,15890,15728.85,15780.25,0,-0.001193106,906724.8102
01/07/22,10,22.3,75700,11800,3:25:00,2109035,1434035,15703.7,15793.95,15511.05,15752.05,0,-0.001787044,905104.4531
06/07/22,10,20.2,100300,-2320,3:25:00,2106715,1431715,15818.2,16011.35,15800.9,15989.8,0,0.015093274,918765.4422
07/07/22,10,20.25,106000,16500,12:30:00,2123215,1448215,16113.75,16150.5,16045.95,16132.9,0,0.008949455,926987.8925
08/07/22,10,18.4,42325,3950,3:25:00,2127165,1452165,16273.65,16275.5,16157.9,16220.6,0,0.005436096,932027.088
13/07/22,10,18.5,61800,-10260,1:00:00,2116905,1441905,16128.2,16140,15950.15,15966.65,0,-0.015656018,917435.2555
14/07/22,10,18.52,75700,12300,1:05:00,2129205,1454205,16018.85,16070.85,15858.2,15938.65,0,-0.001753655,915826.3903
14/07/22,10,18.52,75700,12300,1:05:00,2141505,1466505,16018.85,16070.85,15858.2,15938.65,0,0,915826.3903
15/07/22,10,17.6,21950,-2800,11:35:00,2138705,1463705,16010.8,16066.95,15927.3,16049.2,0,0.00693597,922178.5348
20/07/22,10,16.8,122800,6667,3:25:00,2145372,1470372,16562.8,16588,16490.95,16520.85,0,0.029387758,949279.2941
21/07/22,10,16.8,134000,6350,2:30:00,2151722,1476722,16523.55,16626.95,16483.9,16605.25,0,0.005108696,954128.8734
22/07/22,10,16.6,79700,1410,3:25:00,2153132,1478132,16661.25,16752.25,16610.9,16719.45,0,0.006877343,960690.7449
27/07/22,10,18.1,110500,-15750,3:25:00,2137382,1462382,16475.35,16653.45,16438.75,16641.8,0,-0.004644292,956229.017
28/07/22,10,18.1,118000,-11275,2:30:00,2126107,1451107,16774.85,16947.65,16746.25,16929.6,0,0.017293802,972765.8527
29/07/22,10,16.5,60450,710,3:25:00,2126817,1451817,17079.5,17172.8,17018.15,17158.25,0,0.01350593,985903.9606
03/08/22,10,18.4,90000,-13700,11:15:00,2113117,1438117,17349.25,17407.5,17225.85,17388.15,0,0.013398802,999113.8929
03/08/22,10,18.4,90000,-13700,11:15:00,2099417,1424417,17349.25,17407.5,17225.85,17388.15,0,0,999113.8929
04/08/22,10,18.45,107600,-17200,11:30:00,2082217,1407217,17463.1,17490.7,17161.25,17382,0,-0.000353689,998760.5171
05/08/22,10,18.9,33100,5450,10:30:00,2087667,1412667,17423.65,17474.4,17348.75,17397.5,0,0.000891727,999651.1389
10/08/22,10,19.6,58300,6470,3:25:00,2094137,1419137,17566.1,17566.1,17442.8,17534.75,0,0.007889065,1007537.451
11/08/22,10,19.5,37000,6400,12:30:00,2100537,1425537,17711.65,17719.3,17631.95,17659,0,0.007085929,1014676.79
12/08/22,10,17.6,23850,3570,12:40:00,2104107,1429107,17659.65,17724.65,17597.85,17698.15,0,0.002217,1016926.329
17/08/22,10,17.7,129200,-860,3:25:00,2103247,1428247,17868.15,17965.95,17833.35,17944.25,0,0.013905408,1031067.104
18/08/22,10,17.6,133000,13675,2:30:00,2116922,1441922,17898.65,17968.45,17852.05,17956.5,0,0.00068267,1031770.983
19/08/22,10,18.3,14450,-2880,11:00:00,2114042,1439042,17966.55,17992.2,17710.75,17758.45,0,-0.011029432,1020391.135
24/08/22,10,18.4,116900,5850,3:25:00,2119892,1444892,17525.45,17623.65,17499.25,17604.95,0,-0.008643772,1011571.106
25/08/22,10,18.4,129000,14800,2:30:00,2134692,1459692,17679,17726.5,17487.45,17522.45,0,-0.004686182,1006830.7
26/08/22,10,18.2,72500,-11860,3:00:00,2122832,1447832,17619.3,17685.85,17519.35,17558.9,0,0.002080189,1008925.097
01/09/22,10,18.7,118000,19200,11:55:00,2142032,1467032,17485.7,17695.6,17468.45,17542.8,0,-0.000916914,1008000
02/09/22,10,19.5,61100,-10200,10:00:00,2131832,1456832,17598.4,17643.85,17476.45,17539.45,0,-0.000190962,1007807.511
02/09/22,10,19.5,61100,-10200,10:00:00,2121632,1446632,17598.4,17643.85,17476.45,17539.45,0,0,1007807.511
07/09/22,10,19.3,93350,8950,3:25:00,2130582,1455582,17519.4,17650.75,17484.3,17624.4,0,0.004843367,1012688.693
08/09/22,10,19.3,107000,12550,2:30:00,2143132,1468132,17748.15,17807.65,17691.95,17798.75,0,0.009892535,1022706.751
09/09/22,10,17.7,43100,-755,3:25:00,2142377,1467377,17923.35,17925.95,17786,17833.35,0,0.001943957,1024694.849
14/09/22,10,18.3,59900,4590,3:25:00,2146967,1471967,17771.15,18091.55,17771.15,18003.75,0,0.009555131,1034485.943
15/09/22,10,18.2,80000,-13000,10:30:00,2133967,1458967,18046.35,18096.15,17861.5,17877.4,0,-0.007017982,1027225.939
16/09/22,10,19.8,21550,1220,9:30:00,2135187,1460187,17796.8,17820.05,17497.25,17530.85,0,-0.01938481,1007313.359
21/09/22,10,19.3,116350,-17800,12:05:00,2117387,1442387,17766.35,17838.7,17663.6,17718.35,0,0.010695431,1018087.01
22/09/22,10,19.3,134500,23125,11:35:00,2140512,1465512,17609.65,17722.75,17532.45,17629.8,0,-0.004997644,1012998.974
22/09/22,10,19.3,134500,23125,11:35:00,2163637,1488637,17609.65,17722.75,17532.45,17629.8,0,0,1012998.974
27/09/22,10,21.6,125400,19300,3:00:00,2182937,1507937,17110.9,17176.45,16942.35,17007.4,0,-0.035303861,977236.1995
29/09/22,10,22.1,150000,-23000,12:35:00,2159937,1484937,16993.6,17026.05,16788.6,16818.1,0,-0.011130449,966359.1217
30/09/22,10,19.9,69100,2780,3:25:00,2162717,1487717,16798.05,17187.1,16747.7,17094.35,0,0.016425756,982232.3004
06/10/22,10,19.5,115000,19200,1:55:00,2181917,1506917,17379.25,17428.8,17315.65,17331.8,0,0.013890554,995876.0517
07/10/22,10,18.8,54000,2800,3:25:00,2184717,1509717,17287.2,17337.35,17216.95,17314.65,0,-0.000989511,994890.6218
12/10/22,10,20.2,84300,1960,3:25:00,2186677,1511677,17025.55,17142.35,16960.05,17123.6,0,-0.011034009,983912.9899
12/10/22,10,20.2,84300,1960,3:25:00,2188637,1513637,17025.55,17142.35,16960.05,17123.6,0,0,983912.9899
13/10/22,10,20.2,106000,16475,2:10:00,2205112,1530112,17087.35,17112.35,16956.95,17014.35,0,-0.006380084,977635.5428
14/10/22,10,18.2,26200,-4050,1:55:00,2201062,1526062,17322.3,17348.55,17169.75,17185.7,0,0.010070911,987481.2231
19/10/22,10,17.5,122300,10900,3:25:00,2211962,1536962,17568.15,17607.6,17472.85,17512.25,0,0.019001263,1006244.613
20/10/22,10,17.5,131500,10150,2:30:00,2222112,1547112,17423.1,17584.15,17421,17563.95,0,0.002952219,1009215.268
21/10/22,10,17.3,93450,9500,3:25:00,2231612,1556612,17622.85,17670.15,17520.75,17576.3,0,0.000703145,1009924.892
27/10/22,10,16.9,119000,4350,2:30:00,2235962,1560962,17771.4,17783.9,17654.5,17736.95,0,0.009140149,1019155.756
28/10/22,10,15.9,60950,-3150,3:25:00,2232812,1557812,17756.4,17838.9,17723.7,17786.8,0,0.002810517,1022020.111
02/11/22,10,16.7,72000,-1210,3:25:00,2231602,1556602,18177.9,18178.75,18048.65,18082.85,0,0.016644365,1039030.987
03/11/22,10,16.6,92400,13175,2:30:00,2244777,1569777,17968.35,18106.3,17959.2,18052.7,0,-0.001667326,1037298.584
04/11/22,10,15.6,34850,5480,1:15:00,2250257,1575257,18053.4,18135.1,18017.15,18117.15,0,0.003570103,1041001.847
09/11/22,10,15.9,50800,-5500,3:25:00,2244757,1569757,18288.25,18296.4,18117.5,18157,0,0.002199573,1043291.607
10/11/22,10,15.9,66500,-1750,2:30:00,2243007,1568007,18044.35,18103.1,17969.4,18028.2,0,-0.007093683,1035890.827
11/11/22,10,14.4,8400,1480,9:55:00,2244487,1569487,18272.35,18362.3,18259.35,18349.7,0,0.017833172,1054364.047
11/11/22,10,14.4,8400,1480,9:55:00,2245967,1570967,18272.35,18362.3,18259.35,18349.7,0,0,1054364.047
16/11/22,10,15.1,97800,10600,3:25:00,2256567,1581567,18398.25,18442.15,18344.15,18409.65,0,0.003267083,1057808.742
17/11/22,10,15.1,117000,8350,2:30:00,2264917,1589917,18358.7,18417.6,18312.95,18343.9,0,-0.003571496,1054030.782
18/11/22,10,14.4,75600,620,3:25:00,2265537,1590537,18382.95,18394.6,18209.8,18307.65,0,-0.001976134,1051947.876
23/11/22,10,14,85500,2420,3:25:00,2267957,1592957,18325.2,18325.4,18246,18267.25,0,-0.002206728,1049626.513
24/11/22,10,14.04,94000,-8900,2:30:00,2259057,1584057,18326.1,18529.7,18294.25,18484.1,0,0.011870971,1062086.6
25/11/22,10,13.3,52800,200,3:25:00,2259257,1584257,18528.45,18534.9,18445.1,18512.75,0,0.001549981,1063732.813
30/11/22,10,13.8,65400,-1520,3:25:00,2257737,1582737,18625.7,18816.05,18616.55,18758.35,0,0.013266533,1077844.859
01/12/22,10,13.8,73500,7725,2:30:00,2265462,1590462,18871.95,18887.6,18778.2,18812.5,0,0.002886714,1080956.29
01/12/22,10,13.8,73500,7725,2:30:00,2273187,1598187,18871.95,18887.6,18778.2,18812.5,0,0,1080956.29
02/12/22,10,13.4,33350,-6400,11:55:00,2266787,1591787,18752.4,18781.95,18639.2,18696.1,0,-0.006187375,1074268.007
07/12/22,10,14.1,55800,5500,3:25:00,2272287,1597287,18638.85,18668.3,18528.4,18560.5,0,-0.00725285,1066476.503
08/12/22,10,14.07,65500,875,2:30:00,2273162,1598162,18570.85,18625,18536.95,18609.35,0,0.002631933,1069283.398
09/12/22,10,13.4,26850,-4800,10:25:00,2268362,1593362,18662.4,18664.7,18410.1,18496.6,0,-0.006058782,1062804.843
14/12/22,10,12.9,25800,3950,12:15:00,2272312,1597312,18671.25,18696.1,18632.9,18660.3,0,0.008850275,1072210.958
15/12/22,10,12.8,42500,-6700,11:55:00,2265612,1590612,18614.4,18652.9,18387.7,18414.9,0,-0.013150914,1058110.404
16/12/22,10,14.1,7900,1710,9:30:00,2267322,1592322,18319.1,18440.95,18255.15,18269,0,-0.007922932,1049727.068
21/12/22,10,15.6,82300,-12900,10:05:00,2254422,1579422,18435.15,18473.35,18162.75,18199.1,0,-0.003826154,1045710.651
21/12/22,10,15.6,82300,-12900,10:05:00,2241522,1566522,18435.15,18473.35,18162.75,18199.1,0,0,1045710.651
22/12/22,10,15.5,94000,-14500,11:45:00,2227022,1552022,18288.8,18318.75,18068.6,18127.35,0,-0.003942503,1041587.934
23/12/22,10,16.1,52000,-7100,2:05:00,2219922,1544922,17977.65,18050.45,17779.5,17806.8,0,-0.017683225,1023169.3
28/12/22,10,15.4,80350,10100,3:25:00,2230022,1555022,18084.75,18173.1,18068.35,18122.5,0,0.017729182,1041309.255
29/12/22,10,15.3,91000,13675,12:40:00,2243697,1568697,18045.7,18229.7,17992.8,18191,0,0.003779832,1045245.229
30/12/22,10,14.9,44100,-6900,3:05:00,2236797,1561797,18259.1,18265.25,18080.3,18105.3,0,-0.004711121,1040320.952